{
  "proto_acc": [
    0.6621951881822625,
    0.04249295127562292
  ],
  "proto_macroF1": [
    0.6564073011905812,
    0.013884881438193112
  ],
  "proto_avgRecall": [
    0.7205340550583723,
    0.014667432004938145
  ],
  "knn_acc": [
    0.6762015966979851,
    0.024683921657356247
  ],
  "knn_macroF1": [
    0.651679239246771,
    0.01127992175969292
  ],
  "shots": 5,
  "repeats": 5
}